disorder,geneset_def,null_model,damage_dataset,measure,corr_type,r,p_param,p_spin,p_smash,n_regions,p_fdr
schizophrenia,catalog_1e5,matched,ENIGMA,cortical_thickness,pearson,-0.14569019835986338,0.2358371765596578,0.254974502549745,0.4530938123752495,68,0.404959504049595
schizophrenia,catalog_1e5,matched,ENIGMA,cortical_thickness,spearman,-0.2054176377106722,0.09286292430086346,0.08849115088491151,0.4530938123752495,68,0.3006899310068993
schizophrenia,catalog_1e5,naive,ENIGMA,cortical_thickness,pearson,-0.1215295285825274,0.32352318349580594,0.26997300269973,0.5089820359281437,68,0.404959504049595
schizophrenia,catalog_1e5,naive,ENIGMA,cortical_thickness,spearman,-0.16508344679595807,0.1785201298471533,0.11118888111188881,0.5089820359281437,68,0.3006899310068993
schizophrenia,catalog_1e5,spatial_coexpr,ENIGMA,cortical_thickness,pearson,-0.11996778422535279,0.32982632862492256,0.2800719928007199,0.5169660678642715,68,0.40737744407377446
schizophrenia,catalog_1e5,spatial_coexpr,ENIGMA,cortical_thickness,spearman,-0.15594612771670055,0.20411710329517044,0.1382861713828617,0.5169660678642715,68,0.3017152830171528
schizophrenia,catalog_5e8,matched,ENIGMA,cortical_thickness,pearson,-0.09613591425199537,0.4354684128306452,0.44455554444555545,0.590818363273453,68,0.5767207063077475
schizophrenia,catalog_5e8,matched,ENIGMA,cortical_thickness,spearman,-0.15216121311901645,0.21544981615007966,0.21437856214378562,0.590818363273453,68,0.36750610653220395
schizophrenia,catalog_5e8,naive,ENIGMA,cortical_thickness,pearson,-0.04956664492101775,0.6881212313569611,0.6320367963203679,0.7844311377245509,68,0.7584441555844414
schizophrenia,catalog_5e8,naive,ENIGMA,cortical_thickness,spearman,-0.09144965371374054,0.45827625332244537,0.36566343365663434,0.7844311377245509,68,0.5162307298681897
schizophrenia,catalog_5e8,spatial_coexpr,ENIGMA,cortical_thickness,pearson,-0.05464345645536422,0.6580707612772638,0.6039396060393961,0.7524950099800399,68,0.7433102843561799
schizophrenia,catalog_5e8,spatial_coexpr,ENIGMA,cortical_thickness,spearman,-0.0860972492321671,0.4851076557335713,0.40605939406059394,0.7524950099800399,68,0.5414125254141253
bipolar_disorder,catalog_1e5,matched,ENIGMA,cortical_thickness,pearson,-0.12516023561601197,0.30916835974747725,0.3915608439156084,0.6207584830339321,68,0.5369977287985487
bipolar_disorder,catalog_1e5,matched,ENIGMA,cortical_thickness,spearman,-0.04300120718530709,0.7277020103902784,0.7836216378362164,0.6207584830339321,68,0.8892675949796325
bipolar_disorder,catalog_1e5,naive,ENIGMA,cortical_thickness,pearson,-0.1379392524591279,0.2619645295999875,0.10068993100689931,0.48303393213572854,68,0.3006899310068993
bipolar_disorder,catalog_1e5,naive,ENIGMA,cortical_thickness,spearman,-0.05162444392032856,0.675879464614183,0.597040295970403,0.48303393213572854,68,0.7433102843561799
bipolar_disorder,catalog_1e5,spatial_coexpr,ENIGMA,cortical_thickness,pearson,-0.11418913061625244,0.3538187209670002,0.17938206179382063,0.6067864271457086,68,0.3311668833116688
bipolar_disorder,catalog_1e5,spatial_coexpr,ENIGMA,cortical_thickness,spearman,-0.042273022749905284,0.7321383055927345,0.6658334166583342,0.6067864271457086,68,0.7795122926731717
bipolar_disorder,catalog_5e8,matched,ENIGMA,cortical_thickness,pearson,0.027052172908260994,0.8266639538372913,0.8522147785221478,0.9301397205588823,68,0.8892675949796325
bipolar_disorder,catalog_5e8,matched,ENIGMA,cortical_thickness,spearman,0.008891515211222143,0.9426310780414824,0.9516048395160484,0.9301397205588823,68,0.9718517509951132
bipolar_disorder,catalog_5e8,naive,ENIGMA,cortical_thickness,pearson,0.002370144712165465,0.9846956151604866,0.9784021597840216,0.998003992015968,68,0.9784021597840216
bipolar_disorder,catalog_5e8,naive,ENIGMA,cortical_thickness,spearman,0.027556032055468627,0.8234869969878115,0.821017898210179,0.998003992015968,68,0.8892675949796325
bipolar_disorder,catalog_5e8,spatial_coexpr,ENIGMA,cortical_thickness,pearson,0.016792969884173573,0.8918840841246936,0.8341165883411659,0.9580838323353293,68,0.8892675949796325
bipolar_disorder,catalog_5e8,spatial_coexpr,ENIGMA,cortical_thickness,spearman,0.02652124364726605,0.8300145957776678,0.8205179482051795,0.9580838323353293,68,0.8892675949796325
ocd,catalog_1e5,matched,ENIGMA,cortical_thickness,pearson,-0.2104369661874117,0.08498241092031214,0.07589241075892411,0.3393213572854291,68,0.3006899310068993
ocd,catalog_1e5,matched,ENIGMA,cortical_thickness,spearman,-0.17024405459318803,0.16513802301190025,0.20707929207079293,0.3393213572854291,68,0.36750610653220395
ocd,catalog_1e5,naive,ENIGMA,cortical_thickness,pearson,-0.23350340219287385,0.055313817584228375,0.018998100189981004,0.27944111776447106,68,0.23709629037096294
ocd,catalog_1e5,naive,ENIGMA,cortical_thickness,spearman,-0.19333648862881295,0.1141801844507018,0.06129387061293871,0.27944111776447106,68,0.3006899310068993
ocd,catalog_1e5,spatial_coexpr,ENIGMA,cortical_thickness,pearson,-0.21174672528804062,0.08301554300031033,0.024697530246975304,0.3153692614770459,68,0.23709629037096294
ocd,catalog_1e5,spatial_coexpr,ENIGMA,cortical_thickness,spearman,-0.18466236899940458,0.13167459733436823,0.06269373062693731,0.3153692614770459,68,0.3006899310068993
ocd,catalog_5e8,matched,ENIGMA,cortical_thickness,pearson,-0.18672749058929958,0.1273360720870485,0.08689131086891311,0.3712574850299401,68,0.3006899310068993
ocd,catalog_5e8,matched,ENIGMA,cortical_thickness,spearman,-0.1685477823101037,0.16945267490339497,0.1496850314968503,0.3712574850299401,68,0.30556944305569445
ocd,catalog_5e8,naive,ENIGMA,cortical_thickness,pearson,-0.1805530862860702,0.14063929767764005,0.0780921907809219,0.38922155688622756,68,0.3006899310068993
ocd,catalog_5e8,naive,ENIGMA,cortical_thickness,spearman,-0.17255715316103024,0.15938536487636268,0.10258974102589741,0.38922155688622756,68,0.3006899310068993
ocd,catalog_5e8,spatial_coexpr,ENIGMA,cortical_thickness,pearson,-0.17866344430296704,0.1449123851888396,0.07289271072892711,0.4151696606786427,68,0.3006899310068993
ocd,catalog_5e8,spatial_coexpr,ENIGMA,cortical_thickness,spearman,-0.15744490918446102,0.199748751496999,0.1252874712528747,0.4151696606786427,68,0.3006899310068993
epilepsy,catalog_1e5,matched,ENIGMA,cortical_thickness,pearson,-0.22062643703374893,0.07061404725968017,0.11148885111488852,0.1157684630738523,68,0.3006899310068993
epilepsy,catalog_1e5,matched,ENIGMA,cortical_thickness,spearman,-0.1658471596108373,0.17649152471288346,0.24947505249475052,0.1157684630738523,68,0.404959504049595
epilepsy,catalog_1e5,naive,ENIGMA,cortical_thickness,pearson,-0.24857668694911603,0.04095191513665409,0.0765923407659234,0.08982035928143713,68,0.3006899310068993
epilepsy,catalog_1e5,naive,ENIGMA,cortical_thickness,spearman,-0.19939229707257625,0.10306722795859143,0.16628337166283372,0.08982035928143713,68,0.31926407359264075
epilepsy,catalog_1e5,spatial_coexpr,ENIGMA,cortical_thickness,pearson,-0.20951601381845544,0.08638732070439356,0.12428757124287572,0.1377245508982036,68,0.3006899310068993
epilepsy,catalog_1e5,spatial_coexpr,ENIGMA,cortical_thickness,spearman,-0.1449149938347122,0.23836605372622324,0.2622737726227377,0.1377245508982036,68,0.404959504049595
epilepsy,catalog_5e8,matched,ENIGMA,cortical_thickness,pearson,-0.20830956780392051,0.08825540677725766,0.15278472152784722,0.12375249500998003,68,0.30556944305569445
epilepsy,catalog_5e8,matched,ENIGMA,cortical_thickness,spearman,-0.32678714482727167,0.006530067181306286,0.014698530146985302,0.12375249500998003,68,0.23709629037096294
epilepsy,catalog_5e8,naive,ENIGMA,cortical_thickness,pearson,-0.21446515114305129,0.07904836306264794,0.1382861713828617,0.11377245508982035,68,0.3017152830171528
epilepsy,catalog_5e8,naive,ENIGMA,cortical_thickness,spearman,-0.30198291175556297,0.012322349118001527,0.020497950204979503,0.11377245508982035,68,0.23709629037096294
epilepsy,catalog_5e8,spatial_coexpr,ENIGMA,cortical_thickness,pearson,-0.22633663494200137,0.06345619731417754,0.11888811118888111,0.09780439121756487,68,0.3006899310068993
epilepsy,catalog_5e8,spatial_coexpr,ENIGMA,cortical_thickness,spearman,-0.3306592121228552,0.005886055297668959,0.020997900209979003,0.09780439121756487,68,0.23709629037096294
