disorder,geneset_def,null_model,total_regions,significant_fdr,mean_z,max_z,min_z,pct_significant
adhd,catalog_1e5,matched,82,0,0.2890441101722315,5.033079002666227,-5.430691135086568,0.0
adhd,catalog_1e5,naive,82,10,0.13953049512830834,5.552283415104819,-4.033210184961395,12.195121951219512
adhd,catalog_1e5,spatial_coexpr,82,0,0.1672388300711586,5.417049965292477,-4.382686410337049,0.0
adhd,catalog_5e8,matched,82,10,0.28473431794575327,6.148745518740984,-5.6974021494155584,12.195121951219512
adhd,catalog_5e8,naive,82,0,0.2000505408418581,6.136272438154111,-4.770405432768382,0.0
adhd,catalog_5e8,spatial_coexpr,82,9,0.16680981892962407,6.150804402824512,-5.143345375834765,10.975609756097562
als,catalog_1e5,matched,82,0,0.06330105340067,2.0559636787268594,-1.8050977575650689,0.0
als,catalog_1e5,naive,82,0,0.026809216435561684,2.0478892451673825,-1.814700840207046,0.0
als,catalog_1e5,spatial_coexpr,82,0,0.02499808369288711,1.8731389693963756,-1.809905513920586,0.0
als,catalog_5e8,matched,82,0,0.028346446246073995,1.777707794449457,-1.6583214556721628,0.0
als,catalog_5e8,naive,82,0,-0.0037543482981661916,1.7069067202338415,-1.9355450153203624,0.0
als,catalog_5e8,spatial_coexpr,82,0,-0.013581441702661878,1.6775596028832824,-1.5811457314271296,0.0
alzheimers_disease,catalog_1e5,matched,82,0,0.11460950819359426,4.537352885727968,-5.04783960108932,0.0
alzheimers_disease,catalog_1e5,naive,82,0,0.06405832226549878,3.6836185683776126,-4.237808344489326,0.0
alzheimers_disease,catalog_1e5,spatial_coexpr,82,0,0.11046081667927679,3.873620805409387,-4.705510973275601,0.0
alzheimers_disease,catalog_5e8,matched,82,0,0.025921961144841497,3.3147955588553906,-3.73934264385693,0.0
alzheimers_disease,catalog_5e8,naive,82,0,0.04636654355949578,3.227493710382936,-3.510777496815021,0.0
alzheimers_disease,catalog_5e8,spatial_coexpr,82,0,0.05266333233066846,3.1533757229937525,-3.1365363425443147,0.0
autism,catalog_1e5,matched,82,0,0.06770947342023584,3.3231113687198213,-3.8026116670733803,0.0
autism,catalog_1e5,naive,82,0,-0.020745089599798955,3.3343916645018674,-3.7741196205192544,0.0
autism,catalog_1e5,spatial_coexpr,82,0,-0.00021264818244385228,3.732900533424088,-3.418026038709263,0.0
autism,catalog_5e8,matched,82,0,0.06423390519095867,4.026995447706959,-3.997620454382097,0.0
autism,catalog_5e8,naive,82,0,-0.019470170142753058,4.098802484469685,-3.616169878275259,0.0
autism,catalog_5e8,spatial_coexpr,82,0,-0.009793965998758817,3.775108670405443,-3.3222158803298343,0.0
bipolar_disorder,catalog_1e5,matched,82,0,0.12803968321459344,2.755346999090355,-3.846144317791974,0.0
bipolar_disorder,catalog_1e5,naive,82,0,-0.01414279786866353,4.321175946251624,-3.3298551866741004,0.0
bipolar_disorder,catalog_1e5,spatial_coexpr,82,0,-0.0047864582540854805,4.444519339653351,-3.693385821778965,0.0
bipolar_disorder,catalog_5e8,matched,82,0,0.0316954140938961,2.9715111989051968,-3.115719311856308,0.0
bipolar_disorder,catalog_5e8,naive,82,0,-0.09692029539216492,3.8767116966669306,-2.839220674020698,0.0
bipolar_disorder,catalog_5e8,spatial_coexpr,82,0,-0.0546763147748485,4.193474907052244,-2.871175955336369,0.0
epilepsy,catalog_1e5,matched,82,0,0.048733845422962184,2.386693751639169,-1.7518204556515076,0.0
epilepsy,catalog_1e5,naive,82,0,0.028454952397198273,2.1613474577364586,-1.7050186022443203,0.0
epilepsy,catalog_1e5,spatial_coexpr,82,0,0.032694951603762366,2.1309117680955314,-1.3668150116457838,0.0
epilepsy,catalog_5e8,matched,82,0,0.16260477873221815,3.151625186531062,-2.107486622630356,0.0
epilepsy,catalog_5e8,naive,82,0,0.13109296376460558,3.1874657099701182,-2.340376139497524,0.0
epilepsy,catalog_5e8,spatial_coexpr,82,0,0.115990723793666,2.8790565634146303,-2.1110884326453365,0.0
frontotemporal_dementia,catalog_1e5,matched,82,0,-0.07934961150738387,2.2571885643191565,-2.207342575014353,0.0
frontotemporal_dementia,catalog_1e5,naive,82,0,-0.12748461453831325,1.8971253215731043,-2.034506121905791,0.0
frontotemporal_dementia,catalog_1e5,spatial_coexpr,82,0,-0.09710476516184698,2.0316337388458434,-1.8612100652156958,0.0
frontotemporal_dementia,catalog_5e8,matched,82,0,-0.040641475403552486,2.426697776939805,-2.4358771752386206,0.0
frontotemporal_dementia,catalog_5e8,naive,82,0,-0.08777654251332398,2.342984361480647,-2.1473030064617475,0.0
frontotemporal_dementia,catalog_5e8,spatial_coexpr,82,0,-0.07284290124935001,2.2292601298620505,-2.3274484681588423,0.0
huntingtons_disease,catalog_1e5,matched,82,0,0.019392199548859654,1.968858069913006,-3.051040326490669,0.0
huntingtons_disease,catalog_1e5,naive,82,0,0.018134528035916548,1.9852735048081238,-2.7449682803412374,0.0
huntingtons_disease,catalog_1e5,spatial_coexpr,82,0,0.027208675612991066,1.9324487119324785,-2.779006246426279,0.0
major_depressive_disorder,catalog_1e5,matched,82,0,0.07438460374581234,4.219296998904619,-3.7559710407306772,0.0
major_depressive_disorder,catalog_1e5,naive,82,0,-0.014604551987236116,4.542963443435842,-4.493497070263963,0.0
major_depressive_disorder,catalog_1e5,spatial_coexpr,82,0,0.016810908325271386,4.263698379862206,-3.742315016393903,0.0
major_depressive_disorder,catalog_5e8,matched,82,0,0.04411693585429534,3.7069061416208293,-3.5686794861110593,0.0
major_depressive_disorder,catalog_5e8,naive,82,0,-0.017374327637872063,3.9920873772511993,-3.6298384655316354,0.0
major_depressive_disorder,catalog_5e8,spatial_coexpr,82,0,0.00948721107987434,4.823141865626842,-3.9252898760975374,0.0
migraine,catalog_1e5,matched,82,0,-0.0011504654596432356,3.8081748298422475,-4.115111779647983,0.0
migraine,catalog_1e5,naive,82,0,-0.011201476563359843,4.281956424641564,-3.8316160722507258,0.0
migraine,catalog_1e5,spatial_coexpr,82,0,-0.043199085112227587,3.298732082639118,-3.9952549425964126,0.0
migraine,catalog_5e8,matched,82,0,0.0024840764471310128,3.8188158895198208,-4.1860014868453606,0.0
migraine,catalog_5e8,naive,82,0,-0.019710588853538918,3.4703521646919544,-3.9156833227221486,0.0
migraine,catalog_5e8,spatial_coexpr,82,0,-0.026009690780753887,3.201710378185923,-3.847907517688921,0.0
multiple_sclerosis,catalog_1e5,matched,82,0,-0.20016093474835714,3.2466074600377604,-2.671529965850746,0.0
multiple_sclerosis,catalog_1e5,naive,82,0,-0.22799714884487096,3.32011455079418,-2.8030715591450446,0.0
multiple_sclerosis,catalog_1e5,spatial_coexpr,82,0,-0.2568857730385074,3.3533867768719,-2.9055953972466186,0.0
multiple_sclerosis,catalog_5e8,matched,82,0,-0.2579347744428183,3.562050688392199,-3.4697166292984205,0.0
multiple_sclerosis,catalog_5e8,naive,82,0,-0.21428656150251058,3.753964681961224,-3.0877383485441112,0.0
multiple_sclerosis,catalog_5e8,spatial_coexpr,82,0,-0.2346884196443786,3.362244680723261,-3.0488000153548174,0.0
ocd,catalog_1e5,matched,82,0,0.1844402340462337,3.229629438648949,-3.987184717132845,0.0
ocd,catalog_1e5,naive,82,0,0.10625445220750977,3.2736503095563054,-3.550073748373197,0.0
ocd,catalog_1e5,spatial_coexpr,82,0,0.07057840764195013,2.9695294408271407,-3.732685707293425,0.0
ocd,catalog_5e8,matched,82,0,0.11919209091555089,3.178019351519814,-3.0895831007700467,0.0
ocd,catalog_5e8,naive,82,0,0.054476292951930246,3.0466594459491843,-2.6821494624447384,0.0
ocd,catalog_5e8,spatial_coexpr,82,0,0.04992634608069021,3.012781496710881,-2.8176270921474273,0.0
parkinsons_disease,catalog_1e5,matched,82,0,0.11491529255281668,2.4744601797306935,-2.7148701673253557,0.0
parkinsons_disease,catalog_1e5,naive,82,0,0.09289128335027332,2.3221274467285964,-3.104221596767424,0.0
parkinsons_disease,catalog_1e5,spatial_coexpr,82,0,0.11413250927546575,2.419439744173604,-2.763097925116224,0.0
parkinsons_disease,catalog_5e8,matched,82,0,-0.022434285336445134,1.9817857447087228,-1.9920058333955777,0.0
parkinsons_disease,catalog_5e8,naive,82,0,-0.02609872228829901,2.0733929635343564,-1.7193759665365862,0.0
parkinsons_disease,catalog_5e8,spatial_coexpr,82,0,-0.011203027111325743,1.9588063158678028,-1.9501995398466845,0.0
schizophrenia,catalog_1e5,matched,82,11,0.1852795326501616,5.503915210642231,-8.025170881578784,13.414634146341465
schizophrenia,catalog_1e5,naive,82,0,0.036677047020553494,5.310243899227554,-6.765421041858945,0.0
schizophrenia,catalog_1e5,spatial_coexpr,82,9,0.08418013908328235,5.442438579576393,-6.517513493619643,10.975609756097562
schizophrenia,catalog_5e8,matched,82,10,0.09213451657657741,4.944288462122646,-6.184335238232032,12.195121951219512
schizophrenia,catalog_5e8,naive,82,0,0.013881228153021376,4.429564449288723,-4.7971848101453265,0.0
schizophrenia,catalog_5e8,spatial_coexpr,82,0,-0.018712620064571313,4.8978209643847315,-5.017413970377406,0.0
tourette_syndrome,catalog_1e5,matched,82,0,0.16982134200930005,2.826637730001479,-3.0240326148292915,0.0
tourette_syndrome,catalog_1e5,naive,82,0,0.1162362113380297,3.1249967467952255,-2.9552874082283056,0.0
tourette_syndrome,catalog_1e5,spatial_coexpr,82,0,0.08276102143823703,2.8554504128136435,-2.5995355564088896,0.0
tourette_syndrome,catalog_5e8,matched,82,0,0.12960765681393024,3.44668612588864,-2.74047276154339,0.0
tourette_syndrome,catalog_5e8,naive,82,0,0.0729885313503499,3.640515119431128,-2.7412513629930046,0.0
tourette_syndrome,catalog_5e8,spatial_coexpr,82,0,0.04229926094524072,3.192976904895048,-2.4172321741240745,0.0
