disorder,geneset_def,null_model,r_squared,adjusted_r_squared,f_stat,f_pvalue,r_raw_residual,top_cell_type,top_cell_type_beta,top_cell_type_p
adhd,catalog_1e5,matched,0.8465192311842764,0.8320007800800864,58.30644227192861,0.0,0.3917662170424136,Excitatory_Neuron,2.3397975092109013,2.240867935654478e-09
adhd,catalog_1e5,naive,0.762959993873669,0.7405372905914485,34.02622709094305,0.0,0.48686754474531424,Excitatory_Neuron,2.139918390170603,2.0384122769723234e-06
adhd,catalog_1e5,spatial_coexpr,0.7785980806676501,0.7576546558659414,37.17625402909864,0.0,0.47053365377234235,Microglia,-1.4973912273298238,1.924975979727961e-06
adhd,catalog_5e8,matched,0.8272147241280356,0.810870171005012,50.61103340676746,0.0,0.4156744830657327,Excitatory_Neuron,2.7491950461731123,1.2946067107222348e-08
adhd,catalog_5e8,naive,0.7898516806281339,0.7699727855524169,39.73317820832871,0.0,0.4584193706333377,Excitatory_Neuron,2.5226623271105817,2.8761673509514196e-07
adhd,catalog_5e8,spatial_coexpr,0.7805589774118477,0.7598010428426981,37.60292117751998,0.0,0.4684453250787667,Endothelial,-1.3401631813760693,9.70019773172126e-07
als,catalog_1e5,matched,0.3857941614632221,0.32769360916920254,6.640111775717717,4.248865963396575e-06,0.7837128546456145,Inhibitory_Neuron,0.6703100860669212,0.010327675530147795
als,catalog_1e5,naive,0.4371674741897955,0.3839265595861274,8.211118787949545,2.247019862400279e-07,0.7502216511206568,Inhibitory_Neuron,0.7594789283906705,0.0027040192223795056
als,catalog_1e5,spatial_coexpr,0.44031000039127133,0.38736635177963485,8.316578323136111,1.8575531346431973e-07,0.748124320957906,Oligodendrocyte,0.5860584634681263,0.0006628358702422954
als,catalog_5e8,matched,0.39908158902848156,0.3422379555582028,7.020691054824023,2.046907667585529e-06,0.7751892742882338,OPC,-0.5729787256030243,0.019167316456393912
als,catalog_5e8,naive,0.342397921663363,0.28019231965854596,5.504293996493254,4.0295153453384636e-05,0.8109266787673453,OPC,-0.5772959166680894,0.023284672497217773
als,catalog_5e8,spatial_coexpr,0.4184336820610913,0.3634206519857892,7.606083167721115,6.810147733515848e-07,0.7626049553595283,OPC,-0.5856754896666027,0.013712744110807806
alzheimers_disease,catalog_1e5,matched,0.6972293035384873,0.6685888322515875,24.344197990114782,1.1102230246251565e-16,0.5502460326631288,Microglia,-2.0498047346600767,1.0176450793153435e-09
alzheimers_disease,catalog_1e5,naive,0.6756591920996833,0.6449783048658695,22.022152975909766,8.881784197001252e-16,0.5695092693717249,Microglia,-1.8621647933968888,2.095883244734864e-09
alzheimers_disease,catalog_1e5,spatial_coexpr,0.6966958480047287,0.6680049147078788,24.282787903634347,1.1102230246251565e-16,0.5507305620675793,Microglia,-1.9417828859458317,6.421594367367334e-10
alzheimers_disease,catalog_5e8,matched,0.693385109428867,0.6643809981586246,23.906442192568313,1.1102230246251565e-16,0.5537281739004555,Microglia,-2.2385391922410034,4.651834473179406e-13
alzheimers_disease,catalog_5e8,naive,0.668767201830636,0.6374343695713718,21.343975427976254,1.887379141862766e-15,0.575528277471545,Microglia,-2.2135687080320503,1.2632117574185031e-12
alzheimers_disease,catalog_5e8,spatial_coexpr,0.6751972134101487,0.644472625489487,21.97579395218165,8.881784197001252e-16,0.5699147186990802,Microglia,-2.0302919837489837,3.2314151354739806e-12
autism,catalog_1e5,matched,0.6850829544314173,0.6552935041749297,22.997502422261718,3.3306690738754696e-16,0.5611747014687871,Excitatory_Neuron,1.6146857637248249,8.808345937083573e-06
autism,catalog_1e5,naive,0.6307485198836051,0.5958193258185407,18.05791793273781,9.037215420448774e-14,0.6076606619787023,Excitatory_Neuron,1.4154706275727724,0.0001916355741902187
autism,catalog_1e5,spatial_coexpr,0.6443768157584249,0.6107367848166543,19.1550601387321,2.3647750424515834e-14,0.5963414996808244,Excitatory_Neuron,1.4177490989625006,0.00024001711313603735
autism,catalog_5e8,matched,0.6975426165990072,0.6689317830340484,24.38036679411274,1.1102230246251565e-16,0.5499612562726511,Microglia,-1.0938128620336258,0.0001734742555974389
autism,catalog_5e8,naive,0.6495801368776819,0.6164323119877329,19.59646338890386,1.3988810110276972e-14,0.5919627210579382,Microglia,-1.038841711524945,0.0005701130755946249
autism,catalog_5e8,spatial_coexpr,0.6379203768520305,0.6036696016893848,18.624990932986325,4.496403249731884e-14,0.6017305236964215,Microglia,-1.217983365566777,5.778423765168128e-05
bipolar_disorder,catalog_1e5,matched,0.7968363669394223,0.777618185433692,41.46263093112259,0.0,0.45073676692785636,Excitatory_Neuron,1.8771963510555214,2.679669819372066e-10
bipolar_disorder,catalog_1e5,naive,0.6798535276622594,0.6495694019005812,22.44917132534672,5.551115123125783e-16,0.5658148746169024,Microglia,-1.2814686856824795,4.323771090719575e-06
bipolar_disorder,catalog_1e5,spatial_coexpr,0.7107057351552432,0.6833400614537121,25.970701211550317,0.0,0.5378608229316919,Microglia,-1.3635844319958457,5.536701661590371e-07
bipolar_disorder,catalog_5e8,matched,0.7496088715933265,0.725923224311614,31.64823247925751,0.0,0.5003909755447962,Microglia,-1.7539935135031208,3.1816327350497886e-11
bipolar_disorder,catalog_5e8,naive,0.6191361463504585,0.5831084845187452,17.185021588202638,2.7200464103316335e-13,0.6171416803697041,Microglia,-1.6495897869744252,4.6067447634356995e-08
bipolar_disorder,catalog_5e8,spatial_coexpr,0.5884184705190851,0.5494850825952148,15.113466921236562,4.247047158401074e-12,0.6415462021405124,Microglia,-1.6393710764896265,1.385996548641799e-07
epilepsy,catalog_1e5,matched,0.19374522978092368,0.11747788665209202,2.540343243026669,0.021232304381992306,0.8979169060771027,Microglia,-0.3162544509079736,0.17548053014668774
epilepsy,catalog_1e5,naive,0.189845475486488,0.11320923668115579,2.4772285076349396,0.024296289665053594,0.9000858428580646,Microglia,-0.38469711866187645,0.08425930943228788
epilepsy,catalog_1e5,spatial_coexpr,0.17050213320291763,0.09203611877616658,2.172942444554558,0.04627926987530717,0.9107677348243527,Microglia,-0.5247181289335294,0.02447644647591285
epilepsy,catalog_5e8,matched,0.42980215640200614,0.37586452254814184,7.968502244026665,3.493074721694356e-07,0.7551144572831285,Excitatory_Neuron,0.8233593793427936,0.002490900147686048
epilepsy,catalog_5e8,naive,0.4447307445399963,0.39220527442891484,8.466954100543505,1.4181118157541306e-07,0.7451639118073308,Excitatory_Neuron,0.7765381354474283,0.003696651542467899
epilepsy,catalog_5e8,spatial_coexpr,0.4461343749610809,0.3937416807006425,8.515202000175753,1.3009375510186771e-07,0.7442214892348374,Excitatory_Neuron,0.719069900792969,0.00468237197427368
frontotemporal_dementia,catalog_1e5,matched,0.6848231200811914,0.6550090908996824,22.969827926039873,3.3306690738754696e-16,0.5614061630573791,Microglia,-1.0339686891545021,6.9512651190706265e-09
frontotemporal_dementia,catalog_1e5,naive,0.5975980299090999,0.5595329786842851,15.69938856458235,1.9129142714291447e-12,0.6343516139262988,Microglia,-0.9556686652079255,3.182603915963256e-07
frontotemporal_dementia,catalog_1e5,spatial_coexpr,0.6067604037450031,0.5695620635587195,16.311491338227498,8.459899447643693e-13,0.6270881885787651,Microglia,-0.9091228493172808,3.7385925666377773e-07
frontotemporal_dementia,catalog_5e8,matched,0.5982203058344917,0.5602141185485652,15.740076775762516,1.8109957977685553e-12,0.6338609422937405,Microglia,-0.9198626349959871,1.4353604476546877e-05
frontotemporal_dementia,catalog_5e8,naive,0.5440638659044676,0.5009347721386741,12.614776207887163,1.5544032727632384e-10,0.675230430368428,Microglia,-0.9473933032779764,1.52433557651932e-05
frontotemporal_dementia,catalog_5e8,spatial_coexpr,0.5779090031129691,0.5379814763804122,14.473949438038723,1.0341061340568558e-11,0.6496853060421109,Microglia,-1.0221019132065987,3.827915233678425e-06
huntingtons_disease,catalog_1e5,matched,0.27849451556689897,0.21024399676917327,4.08047470514142,0.0007774189110901775,0.8494147893892012,Microglia,-0.8706932595404246,0.0007514936575523379
huntingtons_disease,catalog_1e5,naive,0.3038235504650313,0.23796902145496668,4.613555894061556,0.00025247459622568247,0.8343718892286394,Microglia,-0.878265972048646,0.0006442641600283849
huntingtons_disease,catalog_1e5,spatial_coexpr,0.2797448412762932,0.2116125965321588,4.105909651543907,0.0007365150165028478,0.8486784778252052,Microglia,-0.8129648606340655,0.0015040251040194796
major_depressive_disorder,catalog_1e5,matched,0.7313360341040892,0.7059218751679895,28.776716000829726,0.0,0.5183280485328859,Excitatory_Neuron,2.421860693363723,2.2928610121653037e-09
major_depressive_disorder,catalog_1e5,naive,0.6674817404745008,0.636027310519386,21.2205956816573,2.1094237467877974e-15,0.5766439625327745,Microglia,-1.7490640906445754,2.4158580447242173e-07
major_depressive_disorder,catalog_1e5,spatial_coexpr,0.6925085316076408,0.6634215008137689,23.808154792944407,1.1102230246251565e-16,0.5545191325755668,Microglia,-1.7481991636103384,2.8854199030092786e-08
major_depressive_disorder,catalog_5e8,matched,0.6743240293456293,0.643516842932378,21.888530172803385,9.992007221626409e-16,0.5706802700763101,Excitatory_Neuron,1.7246953915920615,5.6762608506844e-06
major_depressive_disorder,catalog_5e8,naive,0.648422452202822,0.6151651166003862,19.49712568541816,1.5765166949677223e-14,0.5929397505625488,Excitatory_Neuron,1.5344479133976672,7.808089734706591e-05
major_depressive_disorder,catalog_5e8,spatial_coexpr,0.6678084030072735,0.6363848735620157,21.251858553019787,2.1094237467877974e-15,0.5763606483728106,Excitatory_Neuron,1.6347443973340623,3.836741876983574e-05
migraine,catalog_1e5,matched,0.6677854392246807,0.6363597375297181,21.249658820879183,2.1094237467877974e-15,0.5763805693943189,Microglia,-1.9489402370881836,6.91309232081494e-11
migraine,catalog_1e5,naive,0.6575377298292683,0.6251426502185233,20.297456827708313,6.106226635438361e-15,0.5852027598796268,Microglia,-1.9762084294550608,2.1702128982781232e-10
migraine,catalog_1e5,spatial_coexpr,0.6693529373826504,0.6380755125404687,21.400513014100195,1.7763568394002505e-15,0.575019184564611,Microglia,-1.7710771820830498,2.5188695573774567e-10
migraine,catalog_5e8,matched,0.655472415056747,0.6228819678323853,20.1124093371377,7.66053886991358e-15,0.5869647220602394,Microglia,-2.1583828431892025,4.714006962558415e-12
migraine,catalog_5e8,naive,0.6664571417469123,0.6349057902905391,21.12293486598947,2.4424906541753444e-15,0.5775316945874815,Microglia,-1.9575588759761329,7.83662024161913e-12
migraine,catalog_5e8,spatial_coexpr,0.6649045408582492,0.6332063217502457,20.976085078873346,2.7755575615628914e-15,0.5788743034042455,Microglia,-1.8921702826089506,2.631761475413441e-11
multiple_sclerosis,catalog_1e5,matched,0.5724057501220282,0.5319576454038417,14.151608687480968,1.632327606415629e-11,0.6539069122420811,Astrocyte,1.356830095667481,8.193815065316024e-05
multiple_sclerosis,catalog_1e5,naive,0.565611579930427,0.5245207834373593,13.764921301193302,2.842925894697146e-11,0.6590814972896553,Astrocyte,1.5468824926292015,2.541479888518161e-05
multiple_sclerosis,catalog_1e5,spatial_coexpr,0.5800372085292704,0.5403109985252825,14.600869513377772,8.65263416471862e-12,0.6480453622013895,Microglia,-1.0302203491845738,0.00013360978124410394
multiple_sclerosis,catalog_5e8,matched,0.5114361968124552,0.46522070191633613,11.066336040802684,1.7315523459515703e-09,0.6989733923315998,OPC,1.533921657627555,0.0018722376675199826
multiple_sclerosis,catalog_5e8,naive,0.5527717761709616,0.5104664036465931,13.066231147180119,7.908640409226564e-11,0.6687512421140155,OPC,1.429836571353493,0.0012499045550629084
multiple_sclerosis,catalog_5e8,spatial_coexpr,0.5414489751078435,0.49807252680723413,12.482556694256516,1.8988188799085037e-10,0.6771639571714941,OPC,1.486050808438696,0.000765211626582607
ocd,catalog_1e5,matched,0.568277712946575,0.5274391182253051,13.915212235513074,2.2893020812375653e-11,0.6570557716460794,Microglia,-0.6843571289587921,0.02181252714040194
ocd,catalog_1e5,naive,0.5773952534619777,0.5374191287894621,14.4435024203071,1.0794143356918084e-11,0.6500805692666274,Inhibitory_Neuron,1.172313567948167,0.003937578435086131
ocd,catalog_1e5,spatial_coexpr,0.5969322621005277,0.5588042328397669,15.655995698546505,2.028155421385236e-12,0.6348761594984269,Microglia,-0.7728622093443088,0.003905226205040746
ocd,catalog_5e8,matched,0.5217506527602201,0.47651084964294377,11.533000075346715,8.24375234742547e-10,0.6915557441304211,Inhibitory_Neuron,1.2315728406077588,0.003993566223504663
ocd,catalog_5e8,naive,0.526258617405771,0.4814452433765871,11.743338429796768,5.926645840759193e-10,0.6882887349028961,Inhibitory_Neuron,1.2863429163698297,0.0013932830844445299
ocd,catalog_5e8,spatial_coexpr,0.5399255987143781,0.4964050472414139,12.406221438848029,2.1324042531745135e-10,0.6782878454503091,Inhibitory_Neuron,1.333566822300182,0.0008608123619378016
parkinsons_disease,catalog_1e5,matched,0.6518924796074504,0.6189633898405876,19.796856949974455,1.099120794378905e-14,0.5900063731796036,Microglia,-0.7699645155131278,8.127946160785271e-06
parkinsons_disease,catalog_1e5,naive,0.6727924544032098,0.6418403892791891,21.736593397158554,1.2212453270876722e-15,0.5720205814451,Microglia,-0.6852519427604333,2.608664299397212e-05
parkinsons_disease,catalog_1e5,spatial_coexpr,0.659171532442681,0.6269310017277995,20.445430575323062,5.218048215738236e-15,0.5838051623249997,Microglia,-0.7649568477039802,4.62573217618889e-06
parkinsons_disease,catalog_5e8,matched,0.6016949437559977,0.5640174384356191,15.969606762434976,1.3314904734329502e-12,0.631114138840197,Microglia,-0.7528283282855524,4.783185629353426e-05
parkinsons_disease,catalog_5e8,naive,0.6417919088245764,0.6079073596593336,18.940547377354434,3.064215547965432e-14,0.5985048798259067,Excitatory_Neuron,0.9543568583741975,3.501932375282735e-05
parkinsons_disease,catalog_5e8,spatial_coexpr,0.6148692629889461,0.578437977055468,16.87750644080119,4.0401015866109447e-13,0.6205890242431419,Astrocyte,1.0147795669709223,5.547831627206179e-05
schizophrenia,catalog_1e5,matched,0.8255812339644163,0.8090821615015908,50.03803915793182,0.0,0.41763472800472856,Microglia,-2.3837853627117425,4.773175188432788e-10
schizophrenia,catalog_1e5,naive,0.7635275479876716,0.7411585322567757,34.13326527966507,0.0,0.48628433247671926,Microglia,-2.399409572618949,9.156213565120197e-10
schizophrenia,catalog_1e5,spatial_coexpr,0.770808384045363,0.749128096049654,35.55341996369818,0.0,0.4787396118503637,Microglia,-2.3663468304792956,9.928136091019724e-10
schizophrenia,catalog_5e8,matched,0.7009218472672829,0.6726306706574312,24.77528089175359,0.0,0.5468803824719967,Microglia,-1.6433046988751936,6.264546722967168e-05
schizophrenia,catalog_5e8,naive,0.633113111208156,0.5984075947008195,18.24243448658425,7.194245199571014e-14,0.6057118859588643,Microglia,-1.6510580223300575,4.112494951913348e-05
schizophrenia,catalog_5e8,spatial_coexpr,0.6328756163037725,0.5981476340622375,18.22379463056874,7.360778653264788e-14,0.605907900341485,Microglia,-1.5879319888084487,7.40236119394222e-05
tourette_syndrome,catalog_1e5,matched,0.6094765353266383,0.5725351265061851,16.49846486063609,6.616929226765933e-13,0.6249187664595791,Excitatory_Neuron,1.2977398707395789,0.00022331429919519863
tourette_syndrome,catalog_1e5,naive,0.6011529947392711,0.5634242239713643,15.933543089366422,1.3972156764907595e-12,0.6315433518458804,Excitatory_Neuron,1.1743627681060331,0.0007865936217255065
tourette_syndrome,catalog_1e5,spatial_coexpr,0.5886922932381802,0.5497848074634134,15.130566304029179,4.1483483315118974e-12,0.6413327582166845,Excitatory_Neuron,1.1832299560308233,0.00038943720097672774
tourette_syndrome,catalog_5e8,matched,0.5297758344952954,0.4852951701907964,11.910250055364173,4.57016424704193e-10,0.6857289300479485,Inhibitory_Neuron,1.229380451174007,0.004589112893456981
tourette_syndrome,catalog_5e8,naive,0.5086255090232452,0.46214413825517386,10.942566895480331,2.1132099403686766e-09,0.7009810917398233,Inhibitory_Neuron,1.3572858980289393,0.0010811301445303734
tourette_syndrome,catalog_5e8,spatial_coexpr,0.49811024756444466,0.45063418990162185,10.491819921149458,4.40250158550981e-09,0.708441777731632,Inhibitory_Neuron,1.263785435988129,0.001314981323819131
