,schizophrenia,bipolar_disorder,major_depressive_disorder,adhd,autism,ocd,epilepsy,parkinsons_disease,alzheimers_disease,als,frontotemporal_dementia,multiple_sclerosis,tourette_syndrome,migraine,huntingtons_disease
schizophrenia,1.0,0.8822701023175872,0.777510438572974,0.891062798176228,0.9229321754085531,0.8729893240736044,0.620297264310359,-0.021592008591910173,0.7367589459442685,0.6407134577568733,0.692892687410391,-0.3069021141513439,0.8743135136615793,0.7471822723330922,0.19143707411709945
bipolar_disorder,0.8822701023175871,1.0,0.856990503998913,0.8239279311911933,0.8572376403889677,0.7940027767190436,0.41849371761556436,0.04698350845336943,0.6487291576957265,0.5699783754793516,0.6050092297378056,-0.06135579501987822,0.7979651437463307,0.7062703524317806,0.025883380764266977
major_depressive_disorder,0.7775104385729741,0.856990503998913,1.0,0.8656277276288848,0.7797002244121147,0.7291722968179609,0.49432978058510124,0.2723883046296593,0.5350102529946644,0.512826018790005,0.35953738990424855,-0.08698418759586908,0.7249914705467414,0.6817352379156675,-0.0848244722181679
adhd,0.8910627981762279,0.8239279311911935,0.865627727628885,1.0,0.8952831951613567,0.8856573173884604,0.6822187640064367,0.0717645956338133,0.618023671993839,0.5699831645860852,0.48244635945579567,-0.4472631767736472,0.8900152941484016,0.698369370342148,0.10558803432560313
autism,0.9229321754085531,0.8572376403889677,0.7797002244121147,0.8952831951613567,1.0,0.8442207613942638,0.48436150842765036,0.09918630430641638,0.651093334697077,0.6811368862159188,0.6093419969093562,-0.29133416253581224,0.8581855385288832,0.7677422080081939,0.22528524509052536
ocd,0.8729893240736045,0.7940027767190437,0.7291722968179608,0.8856573173884605,0.8442207613942637,1.0,0.6572472205819152,-0.17889523248336278,0.5580146788345546,0.5969559163395326,0.5307824665640808,-0.5171331911377874,0.9575746303260962,0.6610071970384369,0.15373084878942297
epilepsy,0.620297264310359,0.4184937176155644,0.49432978058510124,0.6822187640064367,0.48436150842765036,0.6572472205819152,1.0,-0.021588674774931135,0.4128012322150989,0.27525495316131937,0.24444653778897538,-0.4093059064081519,0.5900024129436915,0.3356605739715886,0.26029491428660556
parkinsons_disease,-0.021592008591910173,0.046983508453369426,0.2723883046296593,0.0717645956338133,0.09918630430641637,-0.1788952324833628,-0.021588674774931132,1.0,0.25258676968266397,0.03201310577247344,-0.16815434165263532,0.4800872754240045,-0.12107547386316603,0.25959537962980433,0.12398776822237906
alzheimers_disease,0.7367589459442685,0.6487291576957265,0.5350102529946643,0.618023671993839,0.6510933346970771,0.5580146788345546,0.41280123221509896,0.252586769682664,1.0,0.5080002405130772,0.6127928907290359,-0.041090356234413275,0.5981923368069281,0.7766384726912344,0.35159833897470133
als,0.6407134577568733,0.5699783754793516,0.512826018790005,0.5699831645860851,0.6811368862159188,0.5969559163395327,0.27525495316131937,0.03201310577247344,0.5080002405130772,1.0,0.6953042781621049,-0.3467049294272653,0.5826425086514387,0.5851647227239326,0.3110769267973426
frontotemporal_dementia,0.692892687410391,0.6050092297378056,0.35953738990424855,0.4824463594557957,0.6093419969093563,0.5307824665640807,0.24444653778897538,-0.16815434165263532,0.6127928907290359,0.6953042781621049,1.0,-0.19060709960336228,0.5148465715317687,0.6233542927010008,0.4627750546901476
multiple_sclerosis,-0.3069021141513439,-0.06135579501987822,-0.08698418759586908,-0.4472631767736472,-0.29133416253581224,-0.5171331911377874,-0.40930590640815184,0.48008727542400453,-0.041090356234413275,-0.3467049294272653,-0.19060709960336228,1.0,-0.503699743311218,-0.11302187799898482,-0.00932408538509605
tourette_syndrome,0.8743135136615793,0.7979651437463305,0.7249914705467413,0.8900152941484017,0.8581855385288832,0.9575746303260962,0.5900024129436915,-0.12107547386316603,0.598192336806928,0.5826425086514389,0.5148465715317687,-0.503699743311218,1.0,0.6828157493122049,0.11249617030032356
migraine,0.7471822723330922,0.7062703524317806,0.6817352379156675,0.698369370342148,0.7677422080081938,0.6610071970384369,0.33566057397158866,0.25959537962980433,0.7766384726912345,0.5851647227239326,0.6233542927010008,-0.11302187799898482,0.6828157493122049,1.0,0.2750693905972351
huntingtons_disease,0.19143707411709948,0.025883380764266977,-0.0848244722181679,0.10558803432560314,0.22528524509052533,0.15373084878942297,0.26029491428660556,0.12398776822237907,0.35159833897470133,0.3110769267973426,0.46277505469014757,-0.00932408538509605,0.11249617030032358,0.2750693905972351,1.0
