disorder,null_model,pearson_r,spearman_rho,jaccard_overlap,n_sig_5e8,n_sig_1e5,n_regions
schizophrenia,naive,0.9512984714295709,0.9467572185762018,1.0,0,0,82
schizophrenia,matched,0.9556340907015775,0.9487815761691754,0.75,10,11,82
schizophrenia,spatial_coexpr,0.946941273480759,0.9401834982205246,0.0,0,9,82
bipolar_disorder,naive,0.8897686035170378,0.8961918133237557,1.0,0,0,82
bipolar_disorder,matched,0.8847512154478973,0.9077067075891644,1.0,0,0,82
bipolar_disorder,spatial_coexpr,0.8919027496244545,0.9129743907880847,1.0,0,0,82
major_depressive_disorder,naive,0.9242675119632396,0.8950381471686203,1.0,0,0,82
major_depressive_disorder,matched,0.9286663441336419,0.913257365505382,1.0,0,0,82
major_depressive_disorder,spatial_coexpr,0.9101012675626714,0.8982814727745672,1.0,0,0,82
adhd,naive,0.9810796926538691,0.9797999586421567,0.0,0,10,82
adhd,matched,0.9900673015351845,0.9892034261708079,0.0,10,0,82
adhd,spatial_coexpr,0.9827242392632866,0.9831303533918874,0.0,9,0,82
autism,naive,0.9773579110176324,0.9649982041989095,1.0,0,0,82
autism,matched,0.9707203152349273,0.9601440994329622,1.0,0,0,82
autism,spatial_coexpr,0.9646736587245307,0.9482156267345808,1.0,0,0,82
ocd,naive,0.9485053464189263,0.9459300617102557,1.0,0,0,82
ocd,matched,0.9276181604595789,0.9212459594475463,1.0,0,0,82
ocd,spatial_coexpr,0.9314355238419434,0.9256647184945745,1.0,0,0,82
epilepsy,naive,0.6221251588746434,0.4701842600755325,1.0,0,0,82
epilepsy,matched,0.6610971180859567,0.5257561410955475,1.0,0,0,82
epilepsy,spatial_coexpr,0.6397712632173018,0.5501137340690676,1.0,0,0,82
parkinsons_disease,naive,0.7177575443620505,0.7254492223637097,1.0,0,0,82
parkinsons_disease,matched,0.7229251602727398,0.7304556981312785,1.0,0,0,82
parkinsons_disease,spatial_coexpr,0.6825813034553432,0.6951709276128907,1.0,0,0,82
alzheimers_disease,naive,0.9216168831666379,0.9142586606588956,1.0,0,0,82
alzheimers_disease,matched,0.9264507744516003,0.9289515786724133,1.0,0,0,82
alzheimers_disease,spatial_coexpr,0.9323472672377455,0.9301923139713325,1.0,0,0,82
als,naive,0.7419462093204894,0.7790402803626431,1.0,0,0,82
als,matched,0.7440173172229082,0.7615611497480438,1.0,0,0,82
als,spatial_coexpr,0.7621579002385104,0.7943209150967012,1.0,0,0,82
frontotemporal_dementia,naive,0.5838824278337857,0.6067739793863802,1.0,0,0,82
frontotemporal_dementia,matched,0.6045198935667638,0.6119110588696249,1.0,0,0,82
frontotemporal_dementia,spatial_coexpr,0.5615609712719485,0.5938442115344849,1.0,0,0,82
multiple_sclerosis,naive,0.8701039257529881,0.7932325507994037,1.0,0,0,82
multiple_sclerosis,matched,0.8546080229782943,0.7847433092804823,1.0,0,0,82
multiple_sclerosis,spatial_coexpr,0.8705460762757954,0.827407189734548,1.0,0,0,82
tourette_syndrome,naive,0.9534486168303643,0.9442322134064713,1.0,0,0,82
tourette_syndrome,matched,0.940442792878919,0.9372231473318748,1.0,0,0,82
tourette_syndrome,spatial_coexpr,0.9199565594631897,0.9302140812572784,1.0,0,0,82
migraine,naive,0.978733759536522,0.976513098464318,1.0,0,0,82
migraine,matched,0.9763048441538799,0.9771878843286426,1.0,0,0,82
migraine,spatial_coexpr,0.9728579065916525,0.9707012331167488,1.0,0,0,82
